Commodity,PGOLD,PSILVER,PPALLA,PPLAT,,,,,,,,,,,,,,,,,,,,,,,,,
Commodity.Description,Gold,Silver,Palladium,Platinum,,,,,,,,,,,,,,,,,,,,,,,,,
1990M1,409.82,5.25,135.41,497.66,,,,,,,,,,,,,,,,,,,,,,,,,
1990M2,417.18,5.29,135.44,516.10,,,,,,,,,,,,,,,,,,,,,,,,,
1990M3,392.70,5.08,130.28,497.06,,,,,,,,,,,,,,,,,,,,,,,,,
1990M4,374.29,5.06,126.96,478.15,,,,,,,,,,,,,,,,,,,,,,,,,
1990M5,369.20,5.07,119.64,488.55,,,,,,,,,,,,,,,,,,,,,,,,,
1990M6,352.53,4.92,115.46,481.11,,,,,,,,,,,,,,,,,,,,,,,,,
1990M7,362.50,4.87,117.09,478.79,,,,,,,,,,,,,,,,,,,,,,,,,
1990M8,394.63,5.00,115.41,492.73,,,,,,,,,,,,,,,,,,,,,,,,,
1990M9,389.76,4.80,105.07,461.67,,,,,,,,,,,,,,,,,,,,,,,,,
1990M10,381.00,4.39,95.49,424.95,,,,,,,,,,,,,,,,,,,,,,,,,
1990M11,381.79,4.17,93.59,422.24,,,,,,,,,,,,,,,,,,,,,,,,,
1990M12,376.68,4.08,89.08,420.07,,,,,,,,,,,,,,,,,,,,,,,,,
1991M1,383.70,4.05,86.77,407.84,,,,,,,,,,,,,,,,,,,,,,,,,
1991M2,364.39,3.74,84.39,386.79,,,,,,,,,,,,,,,,,,,,,,,,,
1991M3,362.76,3.95,86.42,399.99,,,,,,,,,,,,,,,,,,,,,,,,,
1991M4,358.32,3.98,96.38,396.88,,,,,,,,,,,,,,,,,,,,,,,,,
1991M5,356.96,4.05,95.30,389.64,,,,,,,,,,,,,,,,,,,,,,,,,
1991M6,366.91,4.39,97.15,376.06,,,,,,,,,,,,,,,,,,,,,,,,,
1991M7,367.79,4.35,94.49,376.03,,,,,,,,,,,,,,,,,,,,,,,,,
1991M8,356.67,3.96,82.77,346.35,,,,,,,,,,,,,,,,,,,,,,,,,
1991M9,348.74,4.04,81.95,349.34,,,,,,,,,,,,,,,,,,,,,,,,,
1991M10,358.81,4.12,85.28,362.48,,,,,,,,,,,,,,,,,,,,,,,,,
1991M11,359.59,4.07,85.24,365.11,,,,,,,,,,,,,,,,,,,,,,,,,
1991M12,361.53,3.95,82.38,353.30,,,,,,,,,,,,,,,,,,,,,,,,,
1992M1,354.70,4.12,82.94,341.19,,,,,,,,,,,,,,,,,,,,,,,,,
1992M2,353.78,4.15,85.42,362.12,,,,,,,,,,,,,,,,,,,,,,,,,
1992M3,344.18,4.11,84.46,356.94,,,,,,,,,,,,,,,,,,,,,,,,,
1992M4,338.69,4.05,83.31,347.30,,,,,,,,,,,,,,,,,,,,,,,,,
1992M5,337.10,4.07,82.84,358.59,,,,,,,,,,,,,,,,,,,,,,,,,
1992M6,341.02,4.06,80.64,369.13,,,,,,,,,,,,,,,,,,,,,,,,,
1992M7,352.25,3.97,87.02,383.12,,,,,,,,,,,,,,,,,,,,,,,,,
1992M8,342.89,3.82,85.53,359.55,,,,,,,,,,,,,,,,,,,,,,,,,
1992M9,345.01,3.77,90.90,362.14,,,,,,,,,,,,,,,,,,,,,,,,,
1992M10,344.89,3.75,94.69,358.07,,,,,,,,,,,,,,,,,,,,,,,,,
1992M11,335.05,3.77,94.46,356.11,,,,,,,,,,,,,,,,,,,,,,,,,
1992M12,334.81,3.73,106.63,361.97,,,,,,,,,,,,,,,,,,,,,,,,,
1993M1,329.03,3.68,109.74,359.14,,,,,,,,,,,,,,,,,,,,,,,,,
1993M2,329.30,3.66,110.60,359.02,,,,,,,,,,,,,,,,,,,,,,,,,
1993M3,330.10,3.65,106.51,350.46,,,,,,,,,,,,,,,,,,,,,,,,,
1993M4,342.06,3.96,114.20,368.01,,,,,,,,,,,,,,,,,,,,,,,,,
1993M5,366.67,4.46,119.63,385.16,,,,,,,,,,,,,,,,,,,,,,,,,
1993M6,371.81,4.37,127.24,383.02,,,,,,,,,,,,,,,,,,,,,,,,,
1993M7,392.40,5.02,139.62,403.65,,,,,,,,,,,,,,,,,,,,,,,,,
1993M8,378.70,4.84,135.79,391.90,,,,,,,,,,,,,,,,,,,,,,,,,
1993M9,354.40,4.22,121.49,362.46,,,,,,,,,,,,,,,,,,,,,,,,,
1993M10,362.38,4.34,129.65,367.91,,,,,,,,,,,,,,,,,,,,,,,,,
1993M11,374.17,4.53,127.90,374.41,,,,,,,,,,,,,,,,,,,,,,,,,
1993M12,383.30,4.97,124.50,383.17,,,,,,,,,,,,,,,,,,,,,,,,,
1994M1,387.08,5.15,124.25,387.80,,,,,,,,,,,,,,,,,,,,,,,,,
1994M2,382.30,5.25,131.85,394.02,,,,,,,,,,,,,,,,,,,,,,,,,
1994M3,383.88,5.43,133.00,400.28,,,,,,,,,,,,,,,,,,,,,,,,,
1994M4,377.32,5.31,133.52,397.90,,,,,,,,,,,,,,,,,,,,,,,,,
1994M5,381.59,5.42,135.97,398.01,,,,,,,,,,,,,,,,,,,,,,,,,
1994M6,385.74,5.39,137.18,401.09,,,,,,,,,,,,,,,,,,,,,,,,,
1994M7,385.40,5.28,146.19,411.95,,,,,,,,,,,,,,,,,,,,,,,,,
1994M8,380.76,5.19,152.09,412.19,,,,,,,,,,,,,,,,,,,,,,,,,
1994M9,391.93,5.52,152.89,417.28,,,,,,,,,,,,,,,,,,,,,,,,,
1994M10,389.59,5.46,154.59,419.40,,,,,,,,,,,,,,,,,,,,,,,,,
1994M11,384.44,5.19,156.44,412.37,,,,,,,,,,,,,,,,,,,,,,,,,
1994M12,379.40,4.78,153.73,410.85,,,,,,,,,,,,,,,,,,,,,,,,,
1995M1,378.55,4.77,156.13,413.90,,,,,,,,,,,,,,,,,,,,,,,,,
1995M2,376.51,4.72,156.79,413.97,,,,,,,,,,,,,,,,,,,,,,,,,
1995M3,381.66,4.65,162.80,416.89,,,,,,,,,,,,,,,,,,,,,,,,,
1995M4,391.04,5.50,169.37,448.29,,,,,,,,,,,,,,,,,,,,,,,,,
1995M5,385.22,5.54,160.69,437.35,,,,,,,,,,,,,,,,,,,,,,,,,
1995M6,387.49,5.36,158.45,438.53,,,,,,,,,,,,,,,,,,,,,,,,,
1995M7,386.24,5.16,155.40,433.63,,,,,,,,,,,,,,,,,,,,,,,,,
1995M8,383.70,5.39,149.67,425.34,,,,,,,,,,,,,,,,,,,,,,,,,
1995M9,383.22,5.43,143.33,429.65,,,,,,,,,,,,,,,,,,,,,,,,,
1995M10,383.07,5.37,136.67,412.66,,,,,,,,,,,,,,,,,,,,,,,,,
1995M11,385.68,5.32,134.13,413.13,,,,,,,,,,,,,,,,,,,,,,,,,
1995M12,387.56,5.18,131.44,408.71,,,,,,,,,,,,,,,,,,,,,,,,,
1996M1,400.07,5.48,129.50,415.48,,,,,,,,,,,,,,,,,,,,,,,,,
1996M2,404.48,5.65,139.27,420.21,,,,,,,,,,,,,,,,,,,,,,,,,
1996M3,396.33,5.53,138.38,411.19,,,,,,,,,,,,,,,,,,,,,,,,,
1996M4,393.14,5.41,136.50,404.39,,,,,,,,,,,,,,,,,,,,,,,,,
1996M5,391.94,5.37,132.02,401.42,,,,,,,,,,,,,,,,,,,,,,,,,
1996M6,385.27,5.16,129.63,392.25,,,,,,,,,,,,,,,,,,,,,,,,,
1996M7,383.59,5.06,131.84,393.66,,,,,,,,,,,,,,,,,,,,,,,,,
1996M8,387.47,5.13,126.80,400.03,,,,,,,,,,,,,,,,,,,,,,,,,
1996M9,382.96,5.04,121.46,389.86,,,,,,,,,,,,,,,,,,,,,,,,,
1996M10,381.07,4.93,117.43,384.18,,,,,,,,,,,,,,,,,,,,,,,,,
1996M11,378.52,4.83,117.02,381.98,,,,,,,,,,,,,,,,,,,,,,,,,
1996M12,368.98,4.82,117.45,370.70,,,,,,,,,,,,,,,,,,,,,,,,,
1997M1,355.20,4.77,121.09,360.10,,,,,,,,,,,,,,,,,,,,,,,,,
1997M2,346.71,5.07,136.45,365.01,,,,,,,,,,,,,,,,,,,,,,,,,
1997M3,351.81,5.20,148.38,378.90,,,,,,,,,,,,,,,,,,,,,,,,,
1997M4,344.58,4.77,153.47,371.08,,,,,,,,,,,,,,,,,,,,,,,,,
1997M5,343.70,4.76,169.49,387.50,,,,,,,,,,,,,,,,,,,,,,,,,
1997M6,340.48,4.76,201.98,430.76,,,,,,,,,,,,,,,,,,,,,,,,,
1997M7,324.09,4.37,187.55,415.52,,,,,,,,,,,,,,,,,,,,,,,,,
1997M8,324.05,4.50,211.67,424.55,,,,,,,,,,,,,,,,,,,,,,,,,
1997M9,324.48,4.73,190.48,424.73,,,,,,,,,,,,,,,,,,,,,,,,,
1997M10,323.88,5.03,205.02,423.12,,,,,,,,,,,,,,,,,,,,,,,,,
1997M11,305.35,5.08,207.90,392.29,,,,,,,,,,,,,,,,,,,,,,,,,
1997M12,287.62,5.79,197.83,365.42,,,,,,,,,,,,,,,,,,,,,,,,,
1998M1,289.50,5.88,223.74,373.86,,,,,,,,,,,,,,,,,,,,,,,,,
1998M2,297.46,6.83,237.05,386.08,,,,,,,,,,,,,,,,,,,,,,,,,
1998M3,295.95,6.24,262.52,398.99,,,,,,,,,,,,,,,,,,,,,,,,,
1998M4,308.29,6.33,320.25,413.75,,,,,,,,,,,,,,,,,,,,,,,,,
1998M5,298.98,5.56,353.81,388.90,,,,,,,,,,,,,,,,,,,,,,,,,
1998M6,292.54,5.27,286.11,355.43,,,,,,,,,,,,,,,,,,,,,,,,,
1998M7,292.75,5.46,306.43,378.43,,,,,,,,,,,,,,,,,,,,,,,,,
1998M8,284.11,5.16,285.69,369.18,,,,,,,,,,,,,,,,,,,,,,,,,
1998M9,288.98,5.00,284.30,361.15,,,,,,,,,,,,,,,,,,,,,,,,,
1998M10,295.71,5.00,278.38,342.60,,,,,,,,,,,,,,,,,,,,,,,,,
1998M11,293.72,4.97,278.30,347.18,,,,,,,,,,,,,,,,,,,,,,,,,
1998M12,291.68,4.88,299.29,351.79,,,,,,,,,,,,,,,,,,,,,,,,,
1999M1,286.94,5.15,322.39,355.11,,,,,,,,,,,,,,,,,,,,,,,,,
1999M2,287.66,5.53,350.56,364.08,,,,,,,,,,,,,,,,,,,,,,,,,
1999M3,286.21,5.19,352.43,369.93,,,,,,,,,,,,,,,,,,,,,,,,,
1999M4,282.62,5.07,360.01,357.15,,,,,,,,,,,,,,,,,,,,,,,,,
1999M5,276.91,5.27,328.79,356.01,,,,,,,,,,,,,,,,,,,,,,,,,
1999M6,261.31,5.03,336.73,356.78,,,,,,,,,,,,,,,,,,,,,,,,,
1999M7,256.69,5.18,332.70,349.06,,,,,,,,,,,,,,,,,,,,,,,,,
1999M8,256.91,5.27,339.94,350.06,,,,,,,,,,,,,,,,,,,,,,,,,
1999M9,264.31,5.23,361.63,370.93,,,,,,,,,,,,,,,,,,,,,,,,,
1999M10,310.78,5.41,386.93,421.14,,,,,,,,,,,,,,,,,,,,,,,,,
1999M11,293.18,5.16,400.91,434.02,,,,,,,,,,,,,,,,,,,,,,,,,
1999M12,282.95,5.16,427.98,439.13,,,,,,,,,,,,,,,,,,,,,,,,,
2000M1,284.07,5.19,452.62,441.00,,,,,,,,,,,,,,,,,,,,,,,,,
2000M2,299.72,5.25,635.10,519.71,,,,,,,,,,,,,,,,,,,,,,,,,
2000M3,286.92,5.06,664.35,479.33,,,,,,,,,,,,,,,,,,,,,,,,,
2000M4,279.65,5.06,573.10,497.55,,,,,,,,,,,,,,,,,,,,,,,,,
2000M5,276.74,4.99,572.22,525.89,,,,,,,,,,,,,,,,,,,,,,,,,
2000M6,285.73,5.00,645.95,559.73,,,,,,,,,,,,,,,,,,,,,,,,,
2000M7,281.59,4.97,703.52,560.29,,,,,,,,,,,,,,,,,,,,,,,,,
2000M8,274.43,4.88,762.09,577.61,,,,,,,,,,,,,,,,,,,,,,,,,
2000M9,273.53,4.89,728.52,591.90,,,,,,,,,,,,,,,,,,,,,,,,,
2000M10,269.93,4.83,739.86,579.72,,,,,,,,,,,,,,,,,,,,,,,,,
2000M11,266.30,4.68,784.14,593.34,,,,,,,,,,,,,,,,,,,,,,,,,
2000M12,271.45,4.64,918.71,609.50,,,,,,,,,,,,,,,,,,,,,,,,,
2001M1,265.49,4.66,1037.77,620.47,,,,,,,,,,,,,,,,,,,,,,,,,
2001M2,262.09,4.55,971.60,600.93,,,,,,,,,,,,,,,,,,,,,,,,,
2001M3,263.03,4.40,779.41,584.23,,,,,,,,,,,,,,,,,,,,,,,,,
2001M4,260.33,4.37,692.29,594.86,,,,,,,,,,,,,,,,,,,,,,,,,
2001M5,272.09,4.43,655.87,610.70,,,,,,,,,,,,,,,,,,,,,,,,,
2001M6,270.20,4.36,614.10,579.72,,,,,,,,,,,,,,,,,,,,,,,,,
2001M7,267.53,4.25,524.50,530.84,,,,,,,,,,,,,,,,,,,,,,,,,
2001M8,272.09,4.20,454.04,451.70,,,,,,,,,,,,,,,,,,,,,,,,,
2001M9,284.47,4.35,443.30,457.90,,,,,,,,,,,,,,,,,,,,,,,,,
2001M10,282.27,4.40,335.22,431.39,,,,,,,,,,,,,,,,,,,,,,,,,
2001M11,277.18,4.12,329.11,429.89,,,,,,,,,,,,,,,,,,,,,,,,,
2001M12,275.84,4.35,402.71,461.73,,,,,,,,,,,,,,,,,,,,,,,,,
2002M1,281.00,4.51,410.39,472.11,,,,,,,,,,,,,,,,,,,,,,,,,
2002M2,295.29,4.42,374.15,471.15,,,,,,,,,,,,,,,,,,,,,,,,,
2002M3,294.05,4.53,375.05,512.05,,,,,,,,,,,,,,,,,,,,,,,,,
2002M4,302.68,4.57,370.09,539.20,,,,,,,,,,,,,,,,,,,,,,,,,
2002M5,314.49,4.71,356.52,533.85,,,,,,,,,,,,,,,,,,,,,,,,,
2002M6,321.18,4.89,336.15,554.70,,,,,,,,,,,,,,,,,,,,,,,,,
2002M7,313.29,4.92,322.74,526.20,,,,,,,,,,,,,,,,,,,,,,,,,
2002M8,310.28,4.55,323.73,544.84,,,,,,,,,,,,,,,,,,,,,,,,,
2002M9,319.14,4.55,327.38,556.33,,,,,,,,,,,,,,,,,,,,,,,,,
2002M10,316.56,4.40,316.61,580.20,,,,,,,,,,,,,,,,,,,,,,,,,
2002M11,320.44,4.51,285.24,588.10,,,,,,,,,,,,,,,,,,,,,,,,,
2002M12,332.04,4.63,240.45,595.44,,,,,,,,,,,,,,,,,,,,,,,,,
2003M1,356.86,4.81,254.13,627.91,,,,,,,,,,,,,,,,,,,,,,,,,
2003M2,358.97,4.65,253.25,681.70,,,,,,,,,,,,,,,,,,,,,,,,,
2003M3,340.55,4.53,223.81,674.33,,,,,,,,,,,,,,,,,,,,,,,,,
2003M4,328.18,4.49,161.50,624.91,,,,,,,,,,,,,,,,,,,,,,,,,
2003M5,355.68,4.74,167.09,650.37,,,,,,,,,,,,,,,,,,,,,,,,,
2003M6,356.35,4.53,179.52,661.67,,,,,,,,,,,,,,,,,,,,,,,,,
2003M7,351.02,4.80,173.43,681.52,,,,,,,,,,,,,,,,,,,,,,,,,
2003M8,359.77,4.99,182.12,692.19,,,,,,,,,,,,,,,,,,,,,,,,,
2003M9,378.95,5.17,210.91,705.25,,,,,,,,,,,,,,,,,,,,,,,,,
2003M10,378.92,5.00,201.11,732.48,,,,,,,,,,,,,,,,,,,,,,,,,
2003M11,389.91,5.18,196.75,760.38,,,,,,,,,,,,,,,,,,,,,,,,,
2003M12,406.95,5.62,198.55,807.87,,,,,,,,,,,,,,,,,,,,,,,,,
2004M1,413.79,6.32,215.94,849.93,,,,,,,,,,,,,,,,,,,,,,,,,
2004M2,404.88,6.44,235.44,846.33,,,,,,,,,,,,,,,,,,,,,,,,,
2004M3,406.67,7.23,269.66,899.76,,,,,,,,,,,,,,,,,,,,,,,,,
2004M4,403.26,7.06,296.93,880.64,,,,,,,,,,,,,,,,,,,,,,,,,
2004M5,383.78,5.85,246.40,809.83,,,,,,,,,,,,,,,,,,,,,,,,,
2004M6,392.37,5.86,228.82,807.55,,,,,,,,,,,,,,,,,,,,,,,,,
2004M7,398.09,6.31,219.94,809.52,,,,,,,,,,,,,,,,,,,,,,,,,
2004M8,400.51,6.66,215.10,848.68,,,,,,,,,,,,,,,,,,,,,,,,,
2004M9,405.28,6.39,211.35,847.89,,,,,,,,,,,,,,,,,,,,,,,,,
2004M10,420.46,7.10,218.14,841.43,,,,,,,,,,,,,,,,,,,,,,,,,
2004M11,439.38,7.49,213.70,854.41,,,,,,,,,,,,,,,,,,,,,,,,,
2004M12,442.08,7.10,190.24,848.24,,,,,,,,,,,,,,,,,,,,,,,,,
2005M1,424.03,6.61,185.93,859.07,,,,,,,,,,,,,,,,,,,,,,,,,
2005M2,423.35,7.03,182.03,864.33,,,,,,,,,,,,,,,,,,,,,,,,,
2005M3,434.32,7.26,197.40,866.83,,,,,,,,,,,,,,,,,,,,,,,,,
2005M4,429.23,7.12,198.81,864.86,,,,,,,,,,,,,,,,,,,,,,,,,
2005M5,421.87,7.02,189.64,866.23,,,,,,,,,,,,,,,,,,,,,,,,,
2005M6,430.66,7.31,186.55,880.09,,,,,,,,,,,,,,,,,,,,,,,,,
2005M7,424.48,7.01,184.40,873.67,,,,,,,,,,,,,,,,,,,,,,,,,
2005M8,437.93,7.04,186.48,898.43,,,,,,,,,,,,,,,,,,,,,,,,,
2005M9,456.05,7.15,188.93,914.64,,,,,,,,,,,,,,,,,,,,,,,,,
2005M10,469.90,7.67,207.69,931.00,,,,,,,,,,,,,,,,,,,,,,,,,
2005M11,476.67,7.87,245.30,962.61,,,,,,,,,,,,,,,,,,,,,,,,,
2005M12,510.10,8.64,263.75,976.59,,,,,,,,,,,,,,,,,,,,,,,,,
2006M1,549.86,9.15,272.75,1026.05,,,,,,,,,,,,,,,,,,,,,,,,,
2006M2,555.00,9.53,289.08,1041.50,,,,,,,,,,,,,,,,,,,,,,,,,
2006M3,557.09,10.38,310.17,1041.09,,,,,,,,,,,,,,,,,,,,,,,,,
2006M4,610.65,12.61,351.90,1098.75,,,,,,,,,,,,,,,,,,,,,,,,,
2006M5,675.39,13.45,368.26,1260.83,,,,,,,,,,,,,,,,,,,,,,,,,
2006M6,596.15,10.80,316.07,1188.55,,,,,,,,,,,,,,,,,,,,,,,,,
2006M7,633.71,11.23,317.82,1228.83,,,,,,,,,,,,,,,,,,,,,,,,,
2006M8,632.59,12.18,330.04,1233.52,,,,,,,,,,,,,,,,,,,,,,,,,
2006M9,598.19,11.68,322.98,1183.60,,,,,,,,,,,,,,,,,,,,,,,,,
2006M10,585.78,11.56,312.89,1082.45,,,,,,,,,,,,,,,,,,,,,,,,,
2006M11,627.83,12.93,324.25,1183.00,,,,,,,,,,,,,,,,,,,,,,,,,
2006M12,629.79,13.36,325.95,1121.19,,,,,,,,,,,,,,,,,,,,,,,,,
2007M1,631.17,12.84,336.48,1146.65,,,,,,,,,,,,,,,,,,,,,,,,,
2007M2,664.75,13.91,341.81,1204.55,,,,,,,,,,,,,,,,,,,,,,,,,
2007M3,654.90,13.18,350.06,1218.77,,,,,,,,,,,,,,,,,,,,,,,,,
2007M4,679.37,13.74,366.86,1275.81,,,,,,,,,,,,,,,,,,,,,,,,,
2007M5,666.86,13.15,367.46,1300.65,,,,,,,,,,,,,,,,,,,,,,,,,
2007M6,655.49,13.14,368.67,1286.24,,,,,,,,,,,,,,,,,,,,,,,,,
2007M7,665.30,12.91,366.20,1303.02,,,,,,,,,,,,,,,,,,,,,,,,,
2007M8,665.41,12.36,342.10,1263.61,,,,,,,,,,,,,,,,,,,,,,,,,
2007M9,712.65,12.83,334.59,1307.65,,,,,,,,,,,,,,,,,,,,,,,,,
2007M10,754.60,13.67,365.63,1410.70,,,,,,,,,,,,,,,,,,,,,,,,,
2007M11,806.25,14.70,362.70,1448.73,,,,,,,,,,,,,,,,,,,,,,,,,
2007M12,803.20,14.30,351.81,1492.90,,,,,,,,,,,,,,,,,,,,,,,,,
2008M1,889.60,15.96,373.80,1583.30,,,,,,,,,,,,,,,,,,,,,,,,,
2008M2,922.30,17.57,468.88,1999.67,,,,,,,,,,,,,,,,,,,,,,,,,
2008M3,968.43,19.51,483.14,2025.19,,,,,,,,,,,,,,,,,,,,,,,,,
2008M4,909.70,17.50,445.86,1988.41,,,,,,,,,,,,,,,,,,,,,,,,,
2008M5,888.66,17.05,434.93,2052.45,,,,,,,,,,,,,,,,,,,,,,,,,
2008M6,889.49,16.97,449.57,2039.24,,,,,,,,,,,,,,,,,,,,,,,,,
2008M7,939.77,18.03,426.30,1904.43,,,,,,,,,,,,,,,,,,,,,,,,,
2008M8,839.03,14.69,314.24,1485.55,,,,,,,,,,,,,,,,,,,,,,,,,
2008M9,829.93,12.37,247.91,1223.18,,,,,,,,,,,,,,,,,,,,,,,,,
2008M10,806.62,10.44,190.74,912.57,,,,,,,,,,,,,,,,,,,,,,,,,
2008M11,760.86,9.87,207.43,840.30,,,,,,,,,,,,,,,,,,,,,,,,,
2008M12,816.09,10.29,175.63,839.70,,,,,,,,,,,,,,,,,,,,,,,,,
2009M1,858.69,11.29,187.45,947.41,,,,,,,,,,,,,,,,,,,,,,,,,
2009M2,943.16,13.41,205.70,1033.25,,,,,,,,,,,,,,,,,,,,,,,,,
2009M3,924.27,13.12,202.34,1081.77,,,,,,,,,,,,,,,,,,,,,,,,,
2009M4,890.20,12.51,226.73,1165.45,,,,,,,,,,,,,,,,,,,,,,,,,
2009M5,928.64,14.03,229.14,1128.67,,,,,,,,,,,,,,,,,,,,,,,,,
2009M6,945.67,14.65,245.48,1217.86,,,,,,,,,,,,,,,,,,,,,,,,,
2009M7,934.23,13.36,248.63,1162.26,,,,,,,,,,,,,,,,,,,,,,,,,
2009M8,949.38,14.35,276.60,1244.57,,,,,,,,,,,,,,,,,,,,,,,,,
2009M9,996.59,16.39,293.32,1288.70,,,,,,,,,,,,,,,,,,,,,,,,,
2009M10,1043.16,17.24,322.07,1332.77,,,,,,,,,,,,,,,,,,,,,,,,,
2009M11,1127.04,17.82,351.81,1400.62,,,,,,,,,,,,,,,,,,,,,,,,,
2009M12,1134.72,17.67,370.96,1437.48,,,,,,,,,,,,,,,,,,,,,,,,,
2010M1,1117.96,17.79,432.14,1557.90,,,,,,,,,,,,,,,,,,,,,,,,,
2010M2,1095.41,15.87,425.75,1520.35,,,,,,,,,,,,,,,,,,,,,,,,,
2010M3,1113.34,17.11,461.46,1599.43,,,,,,,,,,,,,,,,,,,,,,,,,
2010M4,1148.69,18.10,529.41,1710.50,,,,,,,,,,,,,,,,,,,,,,,,,
2010M5,1205.43,18.42,490.76,1624.86,,,,,,,,,,,,,,,,,,,,,,,,,
2010M6,1232.92,18.45,462.14,1553.23,,,,,,,,,,,,,,,,,,,,,,,,,
2010M7,1192.97,17.96,455.80,1525.59,,,,,,,,,,,,,,,,,,,,,,,,,
2010M8,1215.81,18.36,488.61,1540.59,,,,,,,,,,,,,,,,,,,,,,,,,
2010M9,1270.98,20.55,538.36,1591.75,,,,,,,,,,,,,,,,,,,,,,,,,
2010M10,1342.02,23.39,591.57,1688.69,,,,,,,,,,,,,,,,,,,,,,,,,
2010M11,1369.89,26.54,683.59,1692.77,,,,,,,,,,,,,,,,,,,,,,,,,
2010M12,1390.55,29.35,755.09,1711.39,,,,,,,,,,,,,,,,,,,,,,,,,
2011M1,1356.40,28.40,793.29,1785.43,,,,,,,,,,,,,,,,,,,,,,,,,
2011M2,1372.73,30.78,821.35,1825.90,,,,,,,,,,,,,,,,,,,,,,,,,
2011M3,1424.01,35.81,762.00,1770.17,,,,,,,,,,,,,,,,,,,,,,,,,
2011M4,1473.81,41.97,770.21,1797.90,,,,,,,,,,,,,,,,,,,,,,,,,
2011M5,1510.44,36.75,738.95,1786.55,,,,,,,,,,,,,,,,,,,,,,,,,
2011M6,1528.66,35.80,770.25,1768.50,,,,,,,,,,,,,,,,,,,,,,,,,
2011M7,1572.81,37.92,788.74,1759.76,,,,,,,,,,,,,,,,,,,,,,,,,
2011M8,1755.81,40.30,762.98,1804.70,,,,,,,,,,,,,,,,,,,,,,,,,
2011M9,1771.85,38.15,708.95,1748.11,,,,,,,,,,,,,,,,,,,,,,,,,
2011M10,1665.21,31.97,616.45,1535.19,,,,,,,,,,,,,,,,,,,,,,,,,
2011M11,1738.98,33.08,628.23,1596.98,,,,,,,,,,,,,,,,,,,,,,,,,
2011M12,1652.31,30.41,640.84,1454.59,,,,,,,,,,,,,,,,,,,,,,,,,
2012M1,1656.12,30.77,657.82,1499.32,,,,,,,,,,,,,,,,,,,,,,,,,
2012M2,1742.62,34.14,703.05,1657.76,,,,,,,,,,,,,,,,,,,,,,,,,
2012M3,1673.77,32.95,684.36,1655.41,,,,,,,,,,,,,,,,,,,,,,,,,
2012M4,1650.07,31.55,653.62,1585.81,,,,,,,,,,,,,,,,,,,,,,,,,
2012M5,1585.50,28.67,620.00,1470.70,,,,,,,,,,,,,,,,,,,,,,,,,
2012M6,1596.70,28.05,612.52,1443.86,,,,,,,,,,,,,,,,,,,,,,,,,
2012M7,1593.91,27.43,579.55,1425.82,,,,,,,,,,,,,,,,,,,,,,,,,
2012M8,1626.03,28.70,601.98,1453.26,,,,,,,,,,,,,,,,,,,,,,,,,
2012M9,1744.45,33.61,657.85,1623.65,,,,,,,,,,,,,,,,,,,,,,,,,
2012M10,1747.01,33.19,633.37,1635.83,,,,,,,,,,,,,,,,,,,,,,,,,
2012M11,1721.14,32.77,636.50,1576.36,,,,,,,,,,,,,,,,,,,,,,,,,
2012M12,1688.53,31.96,689.62,1579.90,,,,,,,,,,,,,,,,,,,,,,,,,
2013M1,1670.95,31.11,712.22,1638.89,,,,,,,,,,,,,,,,,,,,,,,,,
2013M2,1627.59,30.33,751.93,1674.55,,,,,,,,,,,,,,,,,,,,,,,,,
2013M3,1592.86,28.80,757.29,1582.95,,,,,,,,,,,,,,,,,,,,,,,,,
2013M4,1485.08,25.20,706.09,1493.07,,,,,,,,,,,,,,,,,,,,,,,,,
2013M5,1413.50,23.01,719.43,1475.17,,,,,,,,,,,,,,,,,,,,,,,,,
2013M6,1342.36,21.11,713.53,1430.23,,,,,,,,,,,,,,,,,,,,,,,,,
2013M7,1286.72,19.71,718.02,1401.48,,,,,,,,,,,,,,,,,,,,,,,,,
2013M8,1347.10,21.84,741.09,1496.09,,,,,,,,,,,,,,,,,,,,,,,,,
2013M9,1348.80,22.56,709.14,1456.86,,,,,,,,,,,,,,,,,,,,,,,,,
2013M10,1316.18,21.92,724.61,1413.48,,,,,,,,,,,,,,,,,,,,,,,,,
2013M11,1275.82,20.76,733.36,1420.10,,,,,,,,,,,,,,,,,,,,,,,,,
2013M12,1225.40,19.61,716.95,1355.00,,,,,,,,,,,,,,,,,,,,,,,,,
2014M1,1244.80,19.91,733.35,1420.30,,,,,,,,,,,,,,,,,,,,,,,,,
2014M2,1300.98,20.83,728.55,1410.50,,,,,,,,,,,,,,,,,,,,,,,,,
2014M3,1336.08,20.74,773.07,1451.62,,,,,,,,,,,,,,,,,,,,,,,,,
2014M4,1299.00,19.71,793.11,1432.00,,,,,,,,,,,,,,,,,,,,,,,,,
2014M5,1287.53,19.36,821.14,1456.20,,,,,,,,,,,,,,,,,,,,,,,,,
2014M6,1279.10,19.78,832.24,1452.76,,,,,,,,,,,,,,,,,,,,,,,,,
2014M7,1310.97,20.92,871.70,1492.65,,,,,,,,,,,,,,,,,,,,,,,,,
2014M8,1295.99,19.80,876.14,1446.33,,,,,,,,,,,,,,,,,,,,,,,,,
2014M9,1238.82,18.49,841.77,1362.36,,,,,,,,,,,,,,,,,,,,,,,,,
2014M10,1222.49,17.19,778.26,1259.76,,,,,,,,,,,,,,,,,,,,,,,,,
2014M11,1176.30,15.97,780.75,1208.85,,,,,,,,,,,,,,,,,,,,,,,,,
2014M12,1202.29,16.24,806.65,1212.35,,,,,,,,,,,,,,,,,,,,,,,,,
2015M1,1251.85,17.10,785.55,1241.77,,,,,,,,,,,,,,,,,,,,,,,,,
2015M2,1227.19,16.84,786.25,1197.60,,,,,,,,,,,,,,,,,,,,,,,,,
2015M3,1178.63,16.22,786.32,1138.64,,,,,,,,,,,,,,,,,,,,,,,,,
2015M4,1197.91,16.32,767.18,1150.45,,,,,,,,,,,,,,,,,,,,,,,,,
2015M5,1199.05,16.80,783.05,1139.81,,,,,,,,,,,,,,,,,,,,,,,,,
2015M6,1181.50,16.10,726.77,1088.77,,,,,,,,,,,,,,,,,,,,,,,,,
2015M7,1130.04,15.07,642.57,1012.43,,,,,,,,,,,,,,,,,,,,,,,,,
2015M8,1117.48,14.94,594.33,984.10,,,,,,,,,,,,,,,,,,,,,,,,,
2015M9,1124.53,14.72,608.50,965.36,,,,,,,,,,,,,,,,,,,,,,,,,
2015M10,1159.25,15.71,691.50,976.91,,,,,,,,,,,,,,,,,,,,,,,,,
2015M11,1085.70,14.51,574.05,883.52,,,,,,,,,,,,,,,,,,,,,,,,,
2015M12,1068.25,14.05,552.22,859.91,,,,,,,,,,,,,,,,,,,,,,,,,
2016M1,1097.38,14.02,502.52,854.76,,,,,,,,,,,,,,,,,,,,,,,,,
2016M2,1199.91,15.07,505.19,920.24,,,,,,,,,,,,,,,,,,,,,,,,,
2016M3,1246.34,15.42,568.22,967.43,,,,,,,,,,,,,,,,,,,,,,,,,
2016M4,1242.26,16.26,574.33,994.19,,,,,,,,,,,,,,,,,,,,,,,,,
2016M5,1259.40,16.89,578.14,1032.86,,,,,,,,,,,,,,,,,,,,,,,,,
2016M6,1276.40,17.18,553.09,984.14,,,,,,,,,,,,,,,,,,,,,,,,,
2016M7,1337.33,19.93,646.05,1086.48,,,,,,,,,,,,,,,,,,,,,,,,,
2016M8,1341.09,19.64,699.57,1121.74,,,,,,,,,,,,,,,,,,,,,,,,,
2016M9,1326.03,19.28,682.59,1045.95,,,,,,,,,,,,,,,,,,,,,,,,,
2016M10,1266.57,17.74,648.52,959.14,,,,,,,,,,,,,,,,,,,,,,,,,
2016M11,1235.98,17.42,697.41,953.27,,,,,,,,,,,,,,,,,,,,,,,,,
2016M12,1151.40,16.38,702.16,917.50,,,,,,,,,,,,,,,,,,,,,,,,,
2017M1,1192.62,16.81,744.82,968.41,,,,,,,,,,,,,,,,,,,,,,,,,
2017M2,1234.36,17.87,775.55,1007.35,,,,,,,,,,,,,,,,,,,,,,,,,
2017M3,1231.09,17.59,776.30,962.26,,,,,,,,,,,,,,,,,,,,,,,,,
2017M4,1265.63,18.06,800.60,961.40,,,,,,,,,,,,,,,,,,,,,,,,,
2017M5,1245.00,16.76,793.26,931.78,,,,,,,,,,,,,,,,,,,,,,,,,
2017M6,1260.26,16.95,864.64,930.73,,,,,,,,,,,,,,,,,,,,,,,,,
2017M7,1236.22,16.14,856.00,918.38,,,,,,,,,,,,,,,,,,,,,,,,,
2017M8,1282.32,16.91,913.00,972.48,,,,,,,,,,,,,,,,,,,,,,,,,
2017M9,1314.98,17.45,934.90,966.14,,,,,,,,,,,,,,,,,,,,,,,,,
2017M10,1279.51,16.94,959.36,921.00,,,,,,,,,,,,,,,,,,,,,,,,,
2017M11,1282.28,17.01,999.80,934.00,,,,,,,,,,,,,,,,,,,,,,,,,
2017M12,1261.26,16.16,1021.81,906.86,,,,,,,,,,,,,,,,,,,,,,,,,
2018M1,1331.67,17.17,1092.78,987.89,,,,,,,,,,,,,,,,,,,,,,,,,
2018M2,1331.53,16.66,1022.45,988.25,,,,,,,,,,,,,,,,,,,,,,,,,
2018M3,1324.66,16.47,986.55,953.73,,,,,,,,,,,,,,,,,,,,,,,,,
2018M4,1334.74,16.61,970.52,924.10,,,,,,,,,,,,,,,,,,,,,,,,,
2018M5,1303.03,16.47,979.09,904.30,,,,,,,,,,,,,,,,,,,,,,,,,
2018M6,1281.57,16.52,985.05,884.90,,,,,,,,,,,,,,,,,,,,,,,,,
2018M7,1238.53,15.71,931.14,832.11,,,,,,,,,,,,,,,,,,,,,,,,,
2018M8,1201.25,15.01,918.61,804.59,,,,,,,,,,,,,,,,,,,,,,,,,
2018M9,1198.47,14.26,1012.95,803.98,,,,,,,,,,,,,,,,,,,,,,,,,
2018M10,1215.39,14.58,1083.74,829.87,,,,,,,,,,,,,,,,,,,,,,,,,
2018M11,1220.95,14.37,1141.20,846.14,,,,,,,,,,,,,,,,,,,,,,,,,
2018M12,1247.92,14.70,1246.86,790.90,,,,,,,,,,,,,,,,,,,,,,,,,
2019M1,1291.75,15.59,1328.35,806.22,,,,,,,,,,,,,,,,,,,,,,,,,
2019M2,1320.07,15.81,1446.63,817.95,,,,,,,,,,,,,,,,,,,,,,,,,
2019M3,1300.90,15.32,1530.71,842.81,,,,,,,,,,,,,,,,,,,,,,,,,
2019M4,1286.45,15.04,1389.82,886.64,,,,,,,,,,,,,,,,,,,,,,,,,
2019M5,1283.95,14.63,1331.43,831.83,,,,,,,,,,,,,,,,,,,,,,,,,
2019M6,1359.04,15.00,1443.85,808.20,,,,,,,,,,,,,,,,,,,,,,,,,
2019M7,1412.98,15.75,1545.39,843.61,,,,,,,,,,,,,,,,,,,,,,,,,
2019M8,1498.80,17.14,1453.73,858.77,,,,,,,,,,,,,,,,,,,,,,,,,
2019M9,1511.31,18.17,1601.10,943.90,,,,,,,,,,,,,,,,,,,,,,,,,
2019M10,1494.80,17.62,1728.26,897.26,,,,,,,,,,,,,,,,,,,,,,,,,
2019M11,1470.02,17.18,1767.76,901.24,,,,,,,,,,,,,,,,,,,,,,,,,
2019M12,1476.04,17.11,1900.59,925.23,,,,,,,,,,,,,,,,,,,,,,,,,
2020M1,1560.67,17.97,2226.65,986.65,,,,,,,,,,,,,,,,,,,,,,,,,
2020M2,1597.10,17.92,2524.70,961.10,,,,,,,,,,,,,,,,,,,,,,,,,
2020M3,1591.93,14.92,2108.91,759.00,,,,,,,,,,,,,,,,,,,,,,,,,
2020M4,1682.93,15.03,2081.59,752.55,,,,,,,,,,,,,,,,,,,,,,,,,
2020M5,1716.38,16.23,1898.24,793.71,,,,,,,,,,,,,,,,,,,,,,,,,
2020M6,1732.22,17.72,1920.55,820.77,,,,,,,,,,,,,,,,,,,,,,,,,
2020M7,1843.31,20.41,2040.39,862.17,,,,,,,,,,,,,,,,,,,,,,,,,
2020M8,1968.03,26.91,2170.05,940.24,,,,,,,,,,,,,,,,,,,,,,,,,
2020M9,1922.21,25.89,2299.64,907.18,,,,,,,,,,,,,,,,,,,,,,,,,
2020M10,1900.28,24.25,2345.18,876.27,,,,,,,,,,,,,,,,,,,,,,,,,
2020M11,1863.49,24.04,2353.24,913.76,,,,,,,,,,,,,,,,,,,,,,,,,
2020M12,1855.96,24.89,2342.96,1025.52,,,,,,,,,,,,,,,,,,,,,,,,,
2021M1,1866.99,25.90,2376.38,1089.86,,,,,,,,,,,,,,,,,,,,,,,,,
2021M2,1808.18,27.35,2345.95,1206.70,,,,,,,,,,,,,,,,,,,,,,,,,
2021M3,1718.23,25.61,2480.26,1181.00,,,,,,,,,,,,,,,,,,,,,,,,,
2021M4,1761.68,25.64,2769.86,1208.14,,,,,,,,,,,,,,,,,,,,,,,,,
2021M5,1855.56,27.47,2873.10,1212.10,,,,,,,,,,,,,,,,,,,,,,,,,
2021M6,1834.57,26.98,2721.23,1124.00,,,,,,,,,,,,,,,,,,,,,,,,,
2021M7,1807.09,25.75,2733.64,1087.05,,,,,,,,,,,,,,,,,,,,,,,,,
2021M8,1783.97,24.02,2539.09,1007.50,,,,,,,,,,,,,,,,,,,,,,,,,
2021M9,1777.25,23.31,2112.18,975.18,,,,,,,,,,,,,,,,,,,,,,,,,
2021M10,1776.85,23.30,2008.86,1017.10,,,,,,,,,,,,,,,,,,,,,,,,,
2021M11,1820.23,24.20,2006.77,1035.77,,,,,,,,,,,,,,,,,,,,,,,,,
2021M12,1786.65,22.47,1810.52,945.26,,,,,,,,,,,,,,,,,,,,,,,,,
2022M1,1816.77,23.13,2030.86,993.76,,,,,,,,,,,,,,,,,,,,,,,,,
2022M2,1856.30,23.47,2350.10,1049.40,,,,,,,,,,,,,,,,,,,,,,,,,
2022M3,1947.83,25.24,2582.78,1043.26,,,,,,,,,,,,,,,,,,,,,,,,,
2022M4,1933.90,24.65,2330.67,963.71,,,,,,,,,,,,,,,,,,,,,,,,,
2022M5,1849.83,21.97,2060.05,958.27,,,,,,,,,,,,,,,,,,,,,,,,,
2022M6,1837.06,21.50,1913.05,954.09,,,,,,,,,,,,,,,,,,,,,,,,,
2022M7,1737.38,19.08,1973.10,870.00,,,,,,,,,,,,,,,,,,,,,,,,,
2022M8,1764.13,19.73,2135.52,908.96,,,,,,,,,,,,,,,,,,,,,,,,,
2022M9,1683.21,18.84,2113.95,878.95,,,,,,,,,,,,,,,,,,,,,,,,,
2022M10,1666.63,19.36,2078.86,914.67,,,,,,,,,,,,,,,,,,,,,,,,,
2022M11,1727.90,21.00,1911.55,989.00,,,,,,,,,,,,,,,,,,,,,,,,,
2022M12,1797.41,23.29,1808.36,1006.45,,,,,,,,,,,,,,,,,,,,,,,,,
2023M1,1896.06,23.76,1734.27,1052.50,,,,,,,,,,,,,,,,,,,,,,,,,
2023M2,1853.41,22.01,1543.90,958.85,,,,,,,,,,,,,,,,,,,,,,,,,
2023M3,1913.65,21.92,1426.00,970.61,,,,,,,,,,,,,,,,,,,,,,,,,
2023M4,1999.67,24.99,1508.00,1048.10,,,,,,,,,,,,,,,,,,,,,,,,,
2023M5,1989.83,24.20,1482.61,1059.17,,,,,,,,,,,,,,,,,,,,,,,,,
2023M6,1944.73,23.41,1348.09,970.64,,,,,,,,,,,,,,,,,,,,,,,,,
2023M7,1950.27,24.04,1264.48,947.00,,,,,,,,,,,,,,,,,,,,,,,,,
2023M8,1919.30,23.47,1247.30,925.04,,,,,,,,,,,,,,,,,,,,,,,,,
2023M9,1915.43,23.24,1239.29,922.76,,,,,,,,,,,,,,,,,,,,,,,,,
2023M10,1913.98,22.32,1142.09,891.36,,,,,,,,,,,,,,,,,,,,,,,,,
2023M11,1985.78,23.39,1050.27,906.91,,,,,,,,,,,,,,,,,,,,,,,,,
2023M12,2034.70,24.03,1087.76,946.67,,,,,,,,,,,,,,,,,,,,,,,,,
2024M1,2034.01,22.98,988.91,929.35,,,,,,,,,,,,,,,,,,,,,,,,,
2024M2,2024.45,22.68,938.43,894.29,,,,,,,,,,,,,,,,,,,,,,,,,
2024M3,2162.35,24.45,1012.33,908.67,,,,,,,,,,,,,,,,,,,,,,,,,
2024M4,2333.55,27.45,1015.27,940.27,,,,,,,,,,,,,,,,,,,,,,,,,
2024M5,2350.60,29.33,974.00,1014.96,,,,,,,,,,,,,,,,,,,,,,,,,
2024M6,2328.26,29.59,925.15,984.78,,,,,,,,,,,,,,,,,,,,,,,,,
2024M7,2393.96,29.75,960.52,981.22,,,,,,,,,,,,,,,,,,,,,,,,,
2024M8,2468.33,28.56,932.09,944.00,,,,,,,,,,,,,,,,,,,,,,,,,
2024M9,2569.05,30.01,1018.67,964.86,,,,,,,,,,,,,,,,,,,,,,,,,
2024M10,2689.13,32.41,1069.26,998.91,,,,,,,,,,,,,,,,,,,,,,,,,
2024M11,2652.20,31.13,1009.14,962.86,,,,,,,,,,,,,,,,,,,,,,,,,
2024M12,2640.61,30.37,951.32,935.64,,,,,,,,,,,,,,,,,,,,,,,,,
2025M1,2707.47,30.30,951.43,947.70,,,,,,,,,,,,,,,,,,,,,,,,,
2025M2,2894.38,32.18,972.15,978.25,,,,,,,,,,,,,,,,,,,,,,,,,
2025M3,2986.26,33.18,958.33,980.05,,,,,,,,,,,,,,,,,,,,,,,,,
2025M4,3222.01,32.27,943.36,958.27,,,,,,,,,,,,,,,,,,,,,,,,,
2025M5,3288.01,32.71,974.68,1020.64,,,,,,,,,,,,,,,,,,,,,,,,,
2025M6,3351.86,35.94,1053.38,1239.52,,,,,,,,,,,,,,,,,,,,,,,,,
2025M7,3341.65,37.67,1197.26,1390.74,,,,,,,,,,,,,,,,,,,,,,,,,
2025M8,3367.26,37.94,1134.67,1333.67,,,,,,,,,,,,,,,,,,,,,,,,,
2025M9,3666.52,42.54,1180.77,1430.27,,,,,,,,,,,,,,,,,,,,,,,,,
